date,O,H,L,C,V,NA
2024-06-28,3062.05,3162.0,3062.05,3130.8,14478668,0
2024-06-27,3027.5,3075.0,3012.0,3061.1,14191515,0
2024-06-26,2892.1,3037.95,2890.25,3028.05,11007441,0
2024-06-25,2886.0,2911.85,2882.0,2908.3,3522693,0
2024-06-24,2891.05,2899.0,2875.0,2882.95,4439193,0
2024-06-21,2947.25,2949.4,2881.15,2908.4,15585180,0
2024-06-20,2918.0,2965.7,2900.2,2947.4,8056888,0
2024-06-19,2975.0,2975.0,2912.0,2917.3,4362937,0
2024-06-18,2974.7,2974.8,2942.7,2962.05,3598383,0
2024-06-14,2940.0,2959.35,2914.45,2955.1,4078999,0
2024-06-13,2944.0,2944.5,2920.2,2930.5,4590580,0
2024-06-12,2915.0,2952.0,2910.35,2926.65,5040871,0
2024-06-11,2938.0,2947.35,2909.35,2913.35,5887451,0
2024-06-10,2939.9,2986.7,2936.15,2942.8,4625880,0
2024-06-07,2857.0,2944.0,2853.0,2939.9,9279348,0
2024-06-06,2870.0,2887.4,2842.7,2863.2,8927861,0
2024-06-05,2844.0,2862.3,2768.2,2841.5,8732445,0
2024-06-04,2996.1,2996.1,2718.6,2794.55,18354549,0
2024-06-03,2966.0,3029.0,2918.0,3020.65,10763971,0
2024-05-31,2862.6,2884.5,2844.5,2860.8,15534916,0
2024-05-30,2871.0,2880.8,2840.2,2849.7,6603429,0
2024-05-29,2893.0,2916.0,2876.9,2881.55,3691778,0
2024-05-28,2936.0,2957.0,2905.5,2912.4,3910081,0
2024-05-27,2960.45,2969.8,2923.1,2932.5,3314505,0
2024-05-24,2967.25,2977.0,2952.2,2960.5,3547388,0
2024-05-23,2917.1,2984.45,2910.0,2972.1,7304130,0
2024-05-22,2872.55,2937.55,2872.55,2921.3,5140802,0
2024-05-21,2851.2,2883.65,2851.2,2872.25,5588064,0
2024-05-18,2875.0,2879.0,2865.4,2869.65,213020,0
2024-05-17,2846.1,2874.4,2826.5,2871.4,5458238,0
2024-05-16,2837.1,2855.0,2796.05,2850.7,7355887,0
2024-05-15,2841.0,2859.95,2826.05,2832.55,2523267,0
2024-05-14,2801.95,2854.15,2800.05,2840.15,3594150,0
2024-05-13,2799.8,2813.95,2768.0,2805.4,4228310,0
2024-05-10,2793.5,2820.0,2776.15,2814.85,5252548,0
2024-05-09,2826.0,2847.5,2780.0,2788.25,5504806,0
2024-05-08,2795.0,2865.9,2795.0,2837.1,4719501,0
2024-05-07,2831.95,2841.5,2784.0,2802.95,7258736,0
2024-05-06,2871.0,2880.0,2836.0,2839.05,3697104,0
2024-05-03,2942.0,2949.9,2832.3,2868.0,8613479,0
2024-05-02,2944.0,2954.65,2928.25,2933.1,7256323,0
2024-04-30,2936.0,2966.15,2925.75,2934.0,5737131,0
2024-04-29,2900.0,2935.8,2900.0,2930.05,3623987,0
2024-04-26,2927.9,2930.0,2900.0,2905.1,4706924,0
2024-04-25,2885.0,2935.95,2883.0,2919.95,7971963,0
2024-04-24,2927.0,2937.1,2899.0,2900.35,5231388,0
2024-04-23,2958.0,2987.0,2911.1,2918.65,7302777,0
2024-04-22,2944.9,2965.65,2935.6,2959.7,5175181,0
2024-04-19,2913.55,2948.0,2886.05,2940.25,7870889,0
2024-04-18,2927.0,2972.0,2918.7,2928.65,9502846,0
2024-04-16,2906.7,2942.35,2901.85,2931.5,4683092,0
2024-04-15,2922.0,2964.25,2892.65,2929.65,6451031,0
2024-04-12,2951.75,2972.95,2926.15,2934.3,7775506,0
2024-04-10,2932.7,2974.0,2932.7,2959.15,4569165,0
2024-04-09,2978.0,2979.6,2925.0,2927.3,3535707,0
2024-04-08,2925.95,2981.95,2922.0,2971.95,4178559,0
2024-04-05,2921.75,2941.6,2912.0,2920.2,3721149,0
2024-04-04,2959.5,2959.5,2900.0,2925.85,7245136,0
2024-04-03,2964.15,2968.9,2937.8,2943.2,3504146,0
2024-04-02,2968.0,2988.0,2950.0,2973.9,4455083,0
2024-04-01,2984.95,2987.95,2965.0,2969.55,2506940,0
2024-03-28,2985.75,3011.9,2957.3,2971.7,10927182,0
2024-03-27,2896.0,3000.0,2894.0,2985.7,8163322,0
2024-03-26,2890.0,2904.8,2878.0,2883.15,5707953,0
2024-03-22,2899.95,2920.0,2894.7,2910.05,9763804,0
2024-03-21,2905.05,2915.8,2889.35,2901.95,6503468,0
2024-03-20,2855.9,2890.0,2848.05,2887.5,4244403,0
2024-03-19,2857.5,2875.2,2834.5,2850.5,4137882,0
2024-03-18,2840.0,2883.45,2833.05,2878.95,4584696,0
2024-03-15,2851.9,2866.45,2825.8,2836.45,9611909,0
2024-03-14,2879.4,2897.05,2851.0,2862.95,9285551,0
2024-03-13,2959.55,2966.2,2855.55,2864.35,6761067,0
2024-03-12,2933.2,2976.0,2930.05,2950.85,4716339,0
2024-03-11,2978.0,2978.0,2927.0,2933.2,5638565,0
2024-03-07,3005.95,3006.2,2951.1,2957.85,4157863,0
2024-03-06,2986.9,3018.0,2957.0,3006.0,3902838,0
2024-03-05,3011.55,3014.8,2972.1,3000.4,3553834,0
2024-03-04,2980.95,3024.9,2974.45,3014.8,5012210,0
2024-03-02,2984.0,3000.9,2976.0,2982.15,358150,0
2024-03-01,2927.0,3000.0,2925.0,2984.25,6066463,0
2024-02-29,2930.0,2957.95,2909.05,2921.6,11814488,0
2024-02-28,2966.0,2982.55,2900.35,2911.25,4323975,0
2024-02-27,2966.05,2999.9,2956.1,2971.3,5413022,0
2024-02-26,2987.1,2989.05,2965.0,2974.65,3756553,0
2024-02-23,2979.0,2995.1,2966.7,2987.25,7219292,0
2024-02-22,2936.3,2969.9,2916.0,2963.5,9246864,0
2024-02-21,2948.0,2977.05,2915.1,2935.4,6360146,0
2024-02-20,2950.05,2951.0,2923.6,2942.05,3558748,0
2024-02-19,2924.1,2959.0,2907.05,2948.0,3364914,0
2024-02-16,2952.95,2954.0,2917.1,2921.15,4883749,0
2024-02-15,2966.7,2969.45,2933.05,2941.2,5003391,0
2024-02-14,2915.0,2967.3,2915.0,2962.75,3558944,0
2024-02-13,2911.0,2958.0,2908.0,2930.2,3857797,0
2024-02-12,2921.5,2922.0,2884.7,2904.7,3337215,0
2024-02-09,2908.0,2943.95,2901.9,2921.5,6278399,0
2024-02-08,2900.0,2918.95,2855.05,2900.25,7347317,0
2024-02-07,2871.85,2899.0,2858.5,2884.3,4648284,0
2024-02-06,2883.7,2883.7,2839.65,2855.6,4523992,0
2024-02-05,2921.5,2941.0,2863.05,2878.05,4407216,0
2024-02-02,2866.35,2949.8,2866.35,2915.4,9826294,0
2024-02-01,2870.0,2886.7,2836.1,2853.3,6674681,0
2024-01-31,2808.0,2868.5,2805.0,2853.25,7565113,0
2024-01-30,2919.9,2919.95,2808.85,2815.25,7046989,0
2024-01-29,2729.0,2905.0,2720.35,2896.1,11946719,0
2024-01-25,2685.9,2728.3,2670.4,2706.15,5904436,0
2024-01-24,2670.45,2699.0,2647.85,2687.75,10959564,0
2024-01-23,2743.5,2743.5,2645.1,2657.15,10027710,0
2024-01-20,2730.0,2766.95,2700.0,2713.3,3641697,0
2024-01-19,2752.0,2752.0,2718.0,2734.9,5211352,0
2024-01-18,2702.8,2742.0,2702.5,2735.9,5139719,0
2024-01-17,2719.0,2772.55,2710.05,2723.15,6098691,0
2024-01-16,2779.95,2792.6,2741.0,2749.25,4534512,0
2024-01-15,2750.0,2792.9,2732.0,2788.25,4305297,0
2024-01-12,2719.8,2746.65,2691.5,2741.45,7506082,0
2024-01-11,2659.0,2725.0,2657.0,2719.8,11862926,0
2024-01-10,2577.0,2659.0,2575.05,2650.1,5551370,0
2024-01-09,2600.0,2606.8,2577.2,2580.5,2701537,0
2024-01-08,2610.0,2631.95,2568.95,2587.35,3867326,0
2024-01-05,2602.9,2619.85,2598.0,2607.7,4043203,0
2024-01-04,2588.0,2609.85,2579.1,2596.65,4806389,0
2024-01-03,2610.0,2634.0,2577.2,2583.3,4518768,0
2024-01-02,2585.0,2615.0,2573.0,2611.7,3724400,0
2024-01-01,2580.55,2606.85,2573.15,2590.25,2015270,0
2023-12-29,2611.1,2614.0,2579.3,2584.95,5432292,0
2023-12-28,2589.8,2612.0,2586.85,2605.55,6151318,0
2023-12-27,2582.0,2599.9,2573.1,2586.85,4602078,0
2023-12-26,2568.0,2591.95,2562.7,2578.05,3732832,0
2023-12-22,2559.6,2580.9,2547.65,2565.05,8270892,0
2023-12-21,2527.0,2573.5,2518.25,2562.55,6882727,0
2023-12-20,2571.05,2598.85,2520.0,2527.15,8868361,0
2023-12-19,2555.0,2573.9,2525.2,2558.1,8410302,0
2023-12-18,2495.6,2534.9,2490.95,2521.0,7082594,0
2023-12-15,2478.0,2500.0,2470.05,2495.6,7966076,0
2023-12-14,2454.0,2474.95,2442.65,2464.15,8486177,0
2023-12-13,2422.0,2438.35,2406.3,2433.95,5015591,0
2023-12-12,2460.0,2464.95,2420.15,2424.05,4598562,0
2023-12-11,2456.0,2467.6,2452.4,2459.35,3533069,0
2023-12-08,2463.85,2476.7,2445.0,2455.75,5102447,0
2023-12-07,2460.0,2460.95,2442.0,2457.05,4071048,0
2023-12-06,2447.1,2472.95,2435.0,2461.1,8211221,0
2023-12-05,2439.0,2440.85,2421.65,2437.75,6346812,0
2023-12-04,2450.0,2450.0,2398.6,2420.2,7795495,0
2023-12-01,2378.0,2396.4,2377.6,2394.3,7171421,0
2023-11-30,2394.7,2400.7,2369.9,2377.45,14219992,0
2023-11-29,2408.0,2411.95,2398.05,2400.7,6265653,0
2023-11-28,2393.9,2399.7,2375.25,2394.4,6896087,0
2023-11-24,2391.6,2402.6,2391.05,2393.9,3374743,0
2023-11-23,2388.2,2400.0,2388.2,2395.5,4265771,0
2023-11-22,2375.0,2394.45,2372.2,2388.2,4267407,0
2023-11-21,2366.0,2388.0,2360.2,2378.9,4107225,0
2023-11-20,2348.55,2358.4,2336.4,2349.35,2245093,0
2023-11-17,2352.9,2373.25,2352.05,2355.55,3879317,0
2023-11-16,2351.1,2374.15,2346.95,2360.7,6567455,0
2023-11-15,2340.0,2361.95,2327.0,2356.45,6110324,0
2023-11-13,2322.9,2324.6,2311.7,2314.6,1927405,0
2023-11-12,2326.05,2332.0,2322.5,2330.65,709922,0
2023-11-10,2305.55,2316.35,2298.05,2314.9,3867477,0
2023-11-09,2335.85,2335.9,2304.2,2310.55,7256805,0
2023-11-08,2332.0,2341.0,2321.75,2335.9,3942247,0
2023-11-07,2334.05,2339.1,2319.55,2323.8,3480102,0
2023-11-06,2332.3,2340.0,2325.6,2339.0,5323652,0
2023-11-03,2327.2,2334.95,2315.75,2319.7,4425078,0
2023-11-02,2313.95,2324.3,2307.95,2320.2,5281052,0
2023-11-01,2289.15,2317.5,2275.2,2297.4,5154595,0
2023-10-31,2328.0,2328.0,2282.9,2287.9,6404219,0
2023-10-30,2274.0,2325.0,2269.95,2312.5,8406652,0
2023-10-27,2240.0,2273.5,2235.95,2265.8,5885542,0
2023-10-26,2251.0,2258.0,2220.3,2226.5,7611267,0
2023-10-25,2250.05,2281.2,2243.0,2257.95,5810344,0
2023-10-23,2290.0,2306.25,2255.25,2263.2,3926981,0
2023-10-20,2300.0,2314.7,2296.3,2299.1,4456656,0
2023-10-19,2312.0,2321.8,2301.0,2306.15,6016278,0
2023-10-18,2355.25,2367.0,2321.0,2324.0,4459160,0
2023-10-17,2356.0,2359.7,2341.3,2355.25,3964090,0
2023-10-16,2345.0,2354.55,2336.0,2344.05,2964518,0
2023-10-13,2340.0,2357.5,2329.15,2349.3,5075158,0
2023-10-12,2343.85,2359.35,2338.15,2349.4,6277225,0
2023-10-11,2314.45,2349.7,2313.0,2345.05,4907059,0
2023-10-10,2306.55,2317.9,2303.75,2308.4,5118016,0
2023-10-09,2308.1,2311.95,2295.0,2298.25,3788439,0
2023-10-06,2317.05,2324.8,2312.05,2318.0,2715513,0
2023-10-05,2319.25,2329.4,2309.0,2314.1,5476841,0
2023-10-04,2309.0,2319.0,2295.1,2314.15,5143193,0
2023-10-03,2329.95,2335.6,2316.0,2318.15,4429528,0
2023-09-29,2341.8,2369.1,2334.1,2345.0,6171007,0
2023-09-28,2383.0,2383.0,2325.0,2334.1,7259173,0
2023-09-27,2343.5,2371.8,2338.5,2368.9,5861389,0
2023-09-26,2338.55,2350.2,2335.6,2342.5,5043891,0
2023-09-25,2350.4,2360.7,2335.1,2340.45,7127442,0
2023-09-22,2376.0,2382.45,2350.0,2354.95,9588393,0
2023-09-21,2374.95,2390.1,2360.0,2364.8,6113091,0
2023-09-20,2423.05,2427.6,2355.0,2382.15,28540942,0
2023-09-18,2440.05,2451.0,2432.05,2436.45,3758150,0
2023-09-15,2468.0,2468.0,2449.5,2457.85,12734296,0
2023-09-14,2460.0,2465.8,2445.0,2453.3,4604818,0
2023-09-13,2440.0,2462.65,2426.25,2451.05,6401669,0
2023-09-12,2483.0,2483.0,2435.95,2438.85,8127833,0
2023-09-11,2452.0,2476.85,2452.0,2474.6,6635537,0
2023-09-08,2440.0,2456.0,2422.95,2448.2,11554644,0
2023-09-07,2421.7,2438.25,2411.0,2432.0,6826286,0
2023-09-06,2421.1,2436.15,2417.25,2428.7,4100185,0
2023-09-05,2420.0,2433.95,2412.45,2423.6,4337938,0
2023-09-04,2412.65,2423.65,2405.3,2410.7,4673813,0
2023-09-01,2406.55,2425.65,2401.65,2412.65,9056421,0
2023-08-31,2423.0,2425.0,2399.9,2407.0,10819300,0
2023-08-30,2432.0,2443.0,2415.0,2418.05,6084473,0
2023-08-29,2452.05,2453.45,2408.15,2420.35,8438322,0
2023-08-28,2472.0,2484.0,2431.1,2443.75,6290413,0
2023-08-25,2456.0,2505.0,2442.6,2468.35,11111200,0
2023-08-24,2539.9,2539.9,2471.0,2479.8,7070010,0
2023-08-23,2524.2,2542.85,2516.95,2522.2,4758976,0
2023-08-22,2516.9,2537.95,2499.0,2519.4,3856522,0
2023-08-21,2539.95,2555.45,2515.65,2520.0,4610873,0
2023-08-18,2531.25,2577.6,2508.55,2556.8,9319989,0
2023-08-17,2567.1,2578.1,2532.85,2538.0,6836872,0
2023-08-16,2551.0,2582.8,2551.0,2575.15,5101556,0
2023-08-14,2539.0,2582.3,2525.0,2577.25,4787906,0
2023-08-11,2532.45,2558.85,2512.35,2547.15,11089665,0
2023-08-10,2524.95,2550.0,2508.45,2536.45,7735299,0
2023-08-09,2504.85,2529.0,2481.1,2525.2,5743293,0
2023-08-08,2528.0,2534.45,2499.55,2508.65,4922036,0
2023-08-07,2521.0,2528.4,2505.0,2523.85,2991435,0
2023-08-04,2498.8,2516.0,2471.6,2509.55,11442805,0
2023-08-03,2475.3,2500.9,2458.05,2475.9,5084175,0
2023-08-02,2509.2,2512.0,2463.6,2486.35,6374107,0
2023-08-01,2555.0,2559.0,2505.3,2513.2,4768316,0
2023-07-31,2527.85,2553.9,2517.95,2549.25,4275587,0
2023-07-28,2512.05,2542.85,2500.55,2527.85,10413926,0
2023-07-27,2534.05,2537.65,2490.35,2502.7,8613449,0
2023-07-26,2485.0,2547.0,2485.0,2526.2,6455506,0
2023-07-25,2494.0,2505.2,2480.0,2485.8,6013010,0
2023-07-24,2481.0,2514.95,2469.3,2487.4,11863933,0
2023-07-21,2609.0,2614.9,2523.6,2538.75,15124619,0
2023-07-20,2580.0,2630.95,2580.0,2619.85,19358812,0
2023-07-19,2697.55,2722.35,2666.1,2708.85,18941327,0
2023-07-18,2685.15,2704.65,2662.3,2688.45,12523881,0
2023-07-17,2618.45,2683.3,2600.35,2665.8,10758023,0
2023-07-14,2621.3,2631.7,2597.55,2612.45,7322484,0
2023-07-13,2653.6,2668.0,2609.15,2614.65,7108868,0
2023-07-12,2636.85,2670.85,2632.4,2638.2,9070147,0
2023-07-11,2624.05,2640.35,2609.5,2635.3,9716747,0
2023-07-10,2563.05,2627.0,2549.8,2607.05,16093438,0
2023-07-07,2511.7,2540.25,2505.0,2510.35,6475750,0
2023-07-06,2455.5,2520.7,2455.5,2515.25,9256137,0
2023-07-05,2486.9,2486.9,2455.25,2463.55,4961687,0
2023-07-04,2502.15,2502.15,2452.8,2467.6,3903114,0
2023-07-03,2438.35,2499.3,2435.75,2493.3,5884651,0
2023-06-30,2427.25,2437.0,2414.9,2430.9,5399121,0
2023-06-28,2395.4,2419.1,2380.95,2411.1,5497139,0
2023-06-27,2379.7,2392.05,2370.25,2379.6,4691238,0
2023-06-26,2389.65,2397.7,2372.25,2378.75,6120325,0
2023-06-23,2410.55,2414.85,2394.45,2397.05,3209279,0
2023-06-22,2436.4,2452.85,2413.5,2416.85,3688885,0
2023-06-21,2437.35,2449.6,2428.75,2444.3,3370520,0
2023-06-20,2428.3,2444.0,2416.35,2437.45,3350908,0
2023-06-19,2463.05,2463.05,2423.65,2432.4,3291579,0
2023-06-16,2440.4,2461.55,2440.4,2456.8,11702877,0
2023-06-15,2432.4,2442.6,2416.85,2433.1,5719605,0
2023-06-14,2403.0,2435.45,2399.2,2432.4,6428357,0
2023-06-13,2378.25,2405.35,2369.9,2402.85,5445824,0
2023-06-12,2359.65,2372.7,2349.65,2367.9,3094727,0
2023-06-09,2389.65,2391.15,2362.05,2365.8,2845409,0
2023-06-08,2388.7,2399.05,2374.4,2382.65,5844331,0
2023-06-07,2370.6,2383.0,2356.9,2381.25,4992907,0
2023-06-06,2367.2,2371.3,2346.8,2363.3,3627950,0
2023-06-05,2351.75,2367.5,2343.4,2361.3,5281532,0
2023-06-02,2355.35,2366.65,2336.3,2340.3,7650017,0
2023-06-01,2364.1,2368.6,2342.95,2347.95,7065177,0
2023-05-31,2383.0,2392.4,2345.8,2354.3,13124535,0
2023-05-30,2402.65,2418.95,2396.7,2402.0,5491571,0
2023-05-29,2403.0,2411.6,2389.85,2402.65,4846575,0
2023-05-26,2342.95,2391.6,2336.05,2389.2,6113112,0
2023-05-25,2320.0,2334.4,2303.0,2325.75,5561947,0
2023-05-24,2331.45,2348.7,2319.55,2326.05,3927617,0
2023-05-23,2345.5,2352.5,2336.7,2339.7,2949511,0
2023-05-22,2321.05,2350.6,2318.5,2340.1,3599673,0
2023-05-19,2320.15,2331.5,2305.65,2327.65,3897693,0
2023-05-18,2334.9,2342.0,2313.55,2320.15,5096026,0
2023-05-17,2347.75,2349.65,2315.3,2325.15,4260095,0
2023-05-16,2377.3,2382.6,2335.5,2338.95,4220521,0
2023-05-15,2373.35,2387.35,2357.4,2372.75,3308422,0
2023-05-12,2354.2,2371.0,2341.55,2368.1,3367488,0
2023-05-11,2382.0,2392.05,2360.65,2364.2,5111679,0
2023-05-10,2373.45,2382.85,2365.1,2379.75,5263895,0
2023-05-09,2359.15,2370.4,2347.95,2363.5,3129950,0
2023-05-08,2335.35,2367.4,2329.75,2356.2,4431882,0
2023-05-05,2326.75,2346.15,2322.0,2327.5,4234734,0
2023-05-04,2307.85,2338.05,2301.6,2333.45,4180822,0
2023-05-03,2330.55,2330.55,2300.1,2306.85,3419066,0
2023-05-02,2322.2,2331.35,2314.45,2326.8,6285252,0
2023-04-28,2270.5,2310.45,2270.3,2307.2,7536030,0
2023-04-27,2263.85,2272.45,2253.35,2265.8,4438342,0
2023-04-26,2267.65,2274.45,2243.9,2251.55,4172398,0
2023-04-25,2255.25,2269.2,2240.5,2264.85,4471750,0
2023-04-24,2263.85,2269.45,2238.1,2247.65,6263165,0
2023-04-21,2240.65,2250.5,2227.05,2239.05,3702514,0
2023-04-20,2243.95,2248.6,2222.95,2236.25,3392659,0
2023-04-19,2229.6,2247.55,2223.05,2241.95,5942308,0
2023-04-18,2265.75,2265.75,2217.15,2230.8,5037949,0
2023-04-17,2311.45,2311.45,2239.1,2256.65,8680711,0
2023-04-13,2242.9,2255.1,2232.4,2245.25,5993015,0
2023-04-12,2227.0,2257.0,2221.0,2236.85,8801561,0
2023-04-11,2224.75,2231.45,2215.3,2227.0,5104178,0
2023-04-10,2240.0,2240.4,2212.9,2216.05,6275377,0
2023-04-06,2209.65,2243.85,2209.65,2231.85,8925486,0
2023-04-05,2238.1,2238.1,2200.5,2217.0,7873836,0
2023-04-03,2235.25,2239.05,2206.65,2222.35,4983465,0
2023-03-31,2149.45,2233.8,2149.2,2221.95,13639328,0
2023-03-29,2134.2,2139.75,2107.6,2130.1,9104149,0
2023-03-28,2139.95,2150.9,2132.3,2142.8,6088984,0
2023-03-27,2113.7,2148.5,2097.25,2132.85,6804521,0
2023-03-24,2140.15,2144.7,2095.15,2100.2,5991920,0
2023-03-23,2161.85,2163.65,2138.05,2142.6,7867272,0
2023-03-22,2178.05,2184.2,2163.75,2170.05,5287057,0
2023-03-21,2115.1,2167.6,2113.25,2163.5,10361168,0
2023-03-20,2111.35,2116.1,2078.0,2098.25,9452997,0
2023-03-17,2139.7,2146.55,2109.15,2119.05,16468273,0
2023-03-16,2138.05,2148.5,2099.15,2121.75,8890681,0
2023-03-15,2177.2,2190.75,2123.15,2132.35,10520066,0
2023-03-14,2173.3,2197.1,2162.85,2169.45,7759862,0
2023-03-13,2220.0,2234.3,2168.55,2177.6,6183476,0
2023-03-10,2231.9,2234.3,2206.7,2214.0,6455814,0
2023-03-09,2302.95,2303.8,2244.9,2248.85,7860376,0
2023-03-08,2295.95,2305.8,2273.4,2304.2,7641309,0
2023-03-06,2287.7,2311.15,2287.7,2295.95,4924821,0
2023-03-03,2239.2,2281.45,2231.95,2273.75,7089925,0
2023-03-02,2227.65,2241.6,2212.95,2217.2,4518911,0
2023-03-01,2234.3,2235.75,2214.5,2234.2,5592586,0
2023-02-28,2245.85,2256.2,2205.35,2213.85,10648602,0
2023-02-27,2270.5,2277.8,2241.65,2257.05,5422438,0
2023-02-24,2261.0,2284.0,2257.2,2272.15,4567578,0
2023-02-23,2266.7,2282.7,2250.85,2256.7,4769887,0
2023-02-22,2312.4,2316.3,2263.9,2267.55,5337526,0
2023-02-21,2310.55,2332.3,2299.45,2320.2,6444922,0
2023-02-20,2330.55,2335.1,2297.3,2301.4,4278479,0
2023-02-17,2306.75,2332.95,2297.8,2326.0,5717681,0
2023-02-16,2334.8,2348.5,2311.55,2316.3,8358749,0
2023-02-15,2264.8,2323.15,2261.95,2318.15,16221050,0
2023-02-14,2220.9,2270.45,2214.9,2266.8,6934080,0
2023-02-13,2230.7,2240.0,2205.3,2214.6,5012248,0
2023-02-10,2244.7,2244.7,2212.65,2227.3,5224287,0
2023-02-09,2243.3,2259.9,2224.75,2245.8,6377706,0
2023-02-08,2204.75,2249.45,2199.05,2241.9,10244956,0
2023-02-07,2203.8,2218.5,2185.7,2198.0,7327951,0
2023-02-06,2206.65,2212.4,2197.9,2203.25,7183886,0
2023-02-03,2239.05,2239.05,2185.7,2220.0,11958511,0
2023-02-02,2209.5,2238.1,2202.85,2218.05,6614895,0
2023-02-01,2268.55,2268.55,2197.15,2230.4,9367403,0
2023-01-31,2270.5,2275.9,2231.45,2243.7,10986329,0
2023-01-30,2222.6,2260.9,2193.3,2249.3,10541150,0
2023-01-27,2272.8,2275.6,2203.45,2227.95,12506288,0
2023-01-25,2299.55,2301.7,2268.6,2271.05,5996313,0
2023-01-24,2325.8,2329.3,2275.6,2302.9,7983172,0
2023-01-23,2334.4,2350.8,2311.5,2316.55,5303530,0
2023-01-20,2359.15,2359.15,2323.2,2328.35,7228626,0
2023-01-19,2357.15,2365.05,2341.7,2356.35,5780879,0
2023-01-18,2357.75,2374.5,2345.2,2358.9,6511103,0
2023-01-17,2342.95,2366.8,2335.9,2362.8,5205189,0
2023-01-16,2357.0,2363.6,2313.4,2329.7,6596106,0
2023-01-13,2343.35,2357.15,2320.65,2352.1,9982664,0
2023-01-12,2406.7,2414.0,2349.65,2355.95,8564171,0
2023-01-11,2433.05,2438.3,2403.1,2407.95,5572449,0
2023-01-10,2484.05,2484.05,2426.85,2438.65,3896093,0
2023-01-09,2426.2,2480.25,2424.3,2475.25,5191513,0
2023-01-06,2408.4,2428.7,2400.45,2418.15,3074212,0
2023-01-05,2405.4,2417.7,2386.8,2396.4,6602518,0
2023-01-04,2437.35,2441.2,2396.35,2400.7,4485677,0
2023-01-03,2445.0,2452.6,2428.55,2437.4,3708138,0
2023-01-02,2430.65,2458.3,2428.95,2455.35,2573872,0
2022-12-30,2426.0,2456.4,2422.2,2428.0,3529262,0
2022-12-29,2408.75,2429.6,2407.3,2424.25,3355533,0
2022-12-28,2419.2,2430.45,2403.5,2425.35,3611529,0
2022-12-27,2411.6,2429.5,2397.55,2425.6,2790337,0
2022-12-26,2397.05,2423.05,2375.75,2405.9,2900227,0
2022-12-23,2443.35,2469.25,2375.6,2385.1,4966070,0
2022-12-22,2476.4,2482.75,2446.65,2457.15,3607525,0
2022-12-21,2498.35,2509.8,2455.55,2463.55,4128686,0
2022-12-20,2462.95,2503.1,2445.9,2499.1,3615497,0
2022-12-19,2460.2,2482.15,2446.6,2477.65,3742513,0
2022-12-16,2450.7,2496.25,2438.45,2445.55,7667788,0
2022-12-15,2480.7,2492.6,2450.7,2457.7,4206636,0
2022-12-14,2514.2,2515.45,2488.8,2493.1,3519323,0
2022-12-13,2490.8,2509.8,2484.7,2502.15,4034662,0
2022-12-12,2464.5,2500.25,2464.0,2490.8,4589747,0
2022-12-09,2522.15,2535.5,2480.1,2487.0,6127396,0
2022-12-08,2535.5,2540.3,2516.55,2525.25,3755622,0
2022-12-07,2559.35,2568.85,2518.5,2526.45,4097004,0
2022-12-06,2540.35,2570.8,2536.45,2564.3,4160978,0
2022-12-05,2585.1,2589.6,2552.65,2556.9,7179363,0
2022-12-02,2602.25,2619.4,2574.2,2594.75,5611200,0
2022-12-01,2613.5,2626.05,2588.9,2595.85,4592632,0
2022-11-30,2585.55,2616.95,2571.9,2603.5,12668002,0
2022-11-29,2577.4,2603.8,2567.9,2585.25,5354268,0
2022-11-28,2486.8,2593.7,2384.9,2580.85,15264301,0
2022-11-25,2467.85,2502.05,2461.25,2495.1,3558528,0
2022-11-24,2445.9,2472.6,2428.95,2458.4,4545978,0
2022-11-23,2454.5,2457.25,2432.8,2437.4,3105107,0
2022-11-22,2425.9,2448.3,2417.8,2445.0,3201009,0
2022-11-21,2466.9,2466.9,2424.1,2431.5,3093903,0
2022-11-18,2484.75,2486.9,2450.75,2476.1,2567589,0
2022-11-17,2463.95,2490.7,2459.25,2477.4,3225199,0
2022-11-16,2487.85,2493.5,2460.55,2471.05,4704163,0
2022-11-15,2499.6,2503.5,2468.8,2485.3,3430958,0
2022-11-14,2507.65,2518.35,2483.25,2496.5,4378300,0
2022-11-11,2478.3,2512.65,2466.9,2508.65,5960056,0
2022-11-10,2468.8,2475.05,2443.05,2452.1,2888607,0
2022-11-09,2488.15,2499.25,2468.85,2482.15,5448820,0
2022-11-07,2469.75,2488.15,2453.55,2484.6,5708108,0
2022-11-04,2434.4,2478.3,2431.7,2471.4,6088689,0
2022-11-03,2411.45,2439.75,2406.9,2435.55,3240691,0
2022-11-02,2413.8,2430.85,2397.3,2426.5,4348662,0
2022-11-01,2478.3,2478.3,2390.65,2411.45,6760386,0
2022-10-31,2422.1,2441.1,2413.7,2430.3,6013222,0
2022-10-28,2349.65,2416.35,2344.35,2407.95,8525835,0
2022-10-27,2342.95,2352.95,2318.95,2336.45,6058305,0
2022-10-25,2382.05,2382.05,2323.9,2327.3,5922829,0
2022-10-24,2344.85,2385.4,2340.4,2363.8,1631631,0
2022-10-21,2390.35,2399.0,2351.55,2355.95,3991138,0
2022-10-20,2368.7,2401.1,2368.7,2383.55,4220436,0
2022-10-19,2339.65,2409.55,2327.45,2377.2,9318669,0
2022-10-18,2308.65,2347.75,2306.9,2336.55,6011226,0
2022-10-17,2244.8,2301.0,2233.9,2296.0,8099661,0
2022-10-14,2302.0,2303.25,2258.25,2259.75,4408791,0
2022-10-13,2260.4,2281.95,2249.65,2271.3,3548152,0
2022-10-12,2241.95,2270.25,2233.45,2264.1,3591054,0
2022-10-11,2301.0,2301.0,2241.05,2247.55,4461607,0
2022-10-10,2292.45,2304.45,2276.25,2293.2,3064495,0
2022-10-07,2301.65,2329.5,2301.65,2318.5,3734964,0
2022-10-06,2315.3,2335.35,2305.0,2308.75,6464564,0
2022-10-04,2285.6,2304.85,2278.3,2300.25,4332662,0
2022-10-03,2279.6,2303.85,2252.4,2258.6,5738598,0
2022-09-30,2202.85,2289.6,2202.85,2266.45,9011655,0
2022-09-29,2249.55,2256.7,2204.75,2216.5,7103491,0
2022-09-28,2249.9,2266.7,2218.2,2223.3,8229272,0
2022-09-27,2281.95,2312.45,2249.65,2284.1,7821496,0
2022-09-26,2282.0,2304.65,2264.0,2266.1,6042068,0
2022-09-23,2368.7,2379.15,2322.1,2325.35,4613087,0
2022-09-22,2369.65,2385.85,2356.4,2369.75,4990789,0
2022-09-21,2379.9,2414.45,2378.25,2392.3,4457798,0
2022-09-20,2404.4,2418.95,2377.95,2385.7,4072475,0
2022-09-19,2382.25,2404.65,2365.2,2385.35,3670045,0
2022-09-16,2424.7,2433.5,2374.4,2382.25,9788576,0
2022-09-15,2462.1,2481.7,2437.1,2442.75,5018594,0
2022-09-14,2454.5,2487.85,2452.35,2467.2,4201634,0
2022-09-13,2495.5,2506.65,2479.25,2497.15,4303520,0
2022-09-12,2450.25,2489.75,2450.25,2476.45,3599922,0
2022-09-09,2487.85,2487.85,2444.0,2449.05,4025706,0
2022-09-08,2467.1,2476.4,2450.7,2464.4,3416744,0
2022-09-07,2454.5,2473.45,2449.7,2460.9,3625622,0
2022-09-06,2452.6,2484.05,2451.65,2475.3,5277143,0
2022-09-05,2412.55,2460.7,2412.55,2449.55,5484459,0
2022-09-02,2440.55,2454.8,2407.5,2412.05,6293745,0
2022-09-01,2461.8,2483.05,2431.35,2440.55,9639568,0
2022-08-30,2491.65,2521.45,2456.0,2514.5,11202971,0
2022-08-29,2464.0,2530.75,2457.4,2476.1,9605210,0
2022-08-26,2509.8,2526.0,2485.0,2495.5,5200850,0
2022-08-25,2525.0,2538.3,2499.85,2508.85,3811270,0
2022-08-24,2516.55,2545.05,2512.0,2516.2,5020541,0
2022-08-23,2472.6,2529.05,2470.05,2522.95,4685921,0
2022-08-22,2494.5,2508.15,2464.95,2484.6,4585795,0
2022-08-19,2526.0,2537.15,2483.05,2491.5,4580491,0
2022-08-18,2535.5,2544.1,2516.65,2536.75,3587632,0
2022-08-17,2540.3,2551.6,2531.25,2540.4,3193493,0
2022-08-16,2522.35,2532.95,2504.35,2527.2,3199019,0
2022-08-12,2469.05,2517.75,2461.35,2509.8,6124890,0
2022-08-11,2481.25,2487.75,2459.45,2469.85,3969241,0
2022-08-10,2456.3,2468.7,2437.4,2461.65,5192450,0
2022-08-08,2412.55,2462.65,2412.55,2447.0,4921558,0
2022-08-05,2455.45,2458.1,2408.7,2415.4,6750351,0
2022-08-04,2487.85,2495.25,2416.35,2451.55,7004384,0
2022-08-03,2478.3,2487.85,2447.3,2484.35,6899733,0
2022-08-02,2452.1,2485.75,2441.65,2463.7,6738477,0
2022-08-01,2401.25,2466.65,2390.25,2454.35,7601311,0
2022-07-29,2358.9,2399.3,2348.7,2392.0,7325650,0
2022-07-28,2322.0,2352.45,2307.7,2342.1,6050081,0
2022-07-27,2306.7,2313.4,2289.6,2306.0,4190434,0
2022-07-26,2307.8,2329.5,2298.5,2308.15,5472584,0
2022-07-25,2351.95,2351.95,2290.55,2307.1,11189123,0
2022-07-22,2383.0,2398.55,2378.25,2385.95,5311217,0
2022-07-21,2377.3,2383.0,2351.85,2369.95,7999863,0
2022-07-20,2421.15,2423.5,2369.9,2385.85,11583129,0
2022-07-19,2287.95,2332.5,2287.95,2323.05,7959513,0
2022-07-18,2307.7,2311.5,2280.35,2308.9,7340284,0
2022-07-15,2302.0,2302.0,2271.55,2289.4,4649476,0
2022-07-14,2276.25,2320.05,2265.7,2284.95,8216324,0
2022-07-13,2313.7,2320.1,2261.95,2266.3,6886736,0
2022-07-12,2291.5,2325.5,2291.5,2307.15,5218740,0
2022-07-11,2265.3,2315.15,2259.1,2310.45,6704370,0
2022-07-08,2304.85,2304.85,2271.05,2279.5,9203907,0
2022-07-07,2312.35,2319.35,2263.85,2276.35,11281395,0
2022-07-06,2306.85,2327.65,2276.25,2298.95,11592560,0
2022-07-05,2309.6,2349.55,2304.0,2319.35,8544105,0
2022-07-04,2267.6,2327.7,2255.35,2300.75,20265778,0
2022-07-01,2454.4,2470.7,2254.3,2295.95,39699621,0
2022-06-30,2459.25,2493.5,2445.9,2474.15,11190337,0
2022-06-29,2389.85,2475.45,2383.95,2459.4,9298336,0
2022-06-28,2365.95,2415.35,2365.95,2409.4,6571410,0
2022-06-27,2425.85,2425.85,2365.4,2376.0,7492126,0
2022-06-24,2363.95,2393.5,2352.5,2383.05,6894531,0
2022-06-23,2397.35,2406.85,2330.55,2349.6,9415104,0
2022-06-22,2438.4,2438.55,2383.95,2388.35,5140411,0
2022-06-21,2440.2,2472.05,2410.0,2463.15,5674362,0
2022-06-20,2483.1,2494.6,2403.1,2424.05,5842243,0
2022-06-17,2440.2,2502.0,2436.45,2468.8,11841157,0
2022-06-16,2500.25,2534.6,2434.45,2440.2,8284667,0
2022-06-15,2495.05,2513.85,2463.45,2474.8,5420415,0
2022-06-14,2526.05,2546.8,2491.15,2505.1,7124060,0
2022-06-13,2526.0,2547.7,2493.85,2538.3,8531263,0
2022-06-10,2642.15,2659.35,2575.05,2587.2,8759909,0
2022-06-09,2583.15,2671.8,2583.15,2667.75,8365439,0
2022-06-08,2643.0,2650.85,2589.2,2596.55,6041936,0
2022-06-07,2640.25,2660.5,2623.25,2643.0,5983355,0
2022-06-06,2649.9,2682.3,2623.0,2638.05,5370845,0
2022-06-03,2615.6,2685.5,2613.65,2649.4,11590655,0
2022-06-02,2510.75,2604.55,2510.75,2596.8,10712768,0
2022-06-01,2511.0,2530.95,2493.75,2510.25,4733613,0
2022-05-31,2517.8,2553.45,2493.3,2509.45,34191594,0
2022-05-30,2492.6,2548.85,2472.8,2540.1,6707241,0
2022-05-27,2471.7,2483.25,2421.2,2454.6,7999255,0
2022-05-26,2501.6,2511.6,2428.75,2466.0,8657735,0
2022-05-25,2511.7,2532.35,2479.75,2489.75,6155855,0
2022-05-24,2485.0,2514.55,2476.15,2493.45,6549609,0
2022-05-23,2508.35,2529.35,2471.65,2484.9,7384752,0
2022-05-20,2394.9,2520.65,2384.9,2501.65,10551312,0
2022-05-19,2367.75,2394.9,2350.65,2363.8,7116704,0
2022-05-18,2420.8,2449.7,2390.85,2419.55,8364705,0
2022-05-17,2321.15,2421.05,2318.2,2410.8,8013709,0
2022-05-16,2320.5,2364.9,2303.55,2313.6,6506080,0
2022-05-13,2312.45,2362.05,2302.3,2313.05,9348510,0
2022-05-12,2313.9,2320.9,2259.1,2287.1,9920564,0
2022-05-11,2356.95,2368.65,2308.6,2334.65,8058286,0
2022-05-10,2378.25,2408.35,2342.95,2358.85,9446746,0
2022-05-09,2454.45,2475.55,2389.65,2400.45,8755404,0
2022-05-06,2489.95,2534.55,2472.15,2498.0,9513691,0
2022-05-05,2596.05,2602.25,2508.8,2517.3,8332693,0
2022-05-04,2654.65,2659.45,2551.05,2567.6,9318919,0
2022-05-02,2632.75,2674.2,2628.95,2650.3,4583532,0
2022-04-29,2722.5,2722.5,2647.3,2659.65,8818881,0
2022-04-28,2678.45,2717.55,2655.7,2687.9,12401274,0
2022-04-27,2626.9,2695.65,2626.1,2648.3,9363116,0
2022-04-26,2583.15,2664.2,2581.0,2645.75,5920129,0
2022-04-25,2614.05,2629.3,2539.0,2568.85,8261302,0
2022-04-22,2629.8,2670.85,2615.75,2629.7,7288598,0
2022-04-21,2622.15,2658.45,2604.15,2651.9,10510421,0
2022-04-20,2532.75,2606.05,2525.1,2591.25,12138940,0
2022-04-19,2438.3,2543.15,2431.65,2517.2,12656786,0
2022-04-18,2414.45,2440.0,2403.8,2424.8,4829106,0
2022-04-13,2454.0,2471.25,2426.35,2432.25,5013092,0
2022-04-12,2465.95,2480.8,2435.8,2441.2,6399483,0
2022-04-11,2478.3,2515.05,2462.1,2488.05,4480505,0
2022-04-08,2440.2,2502.15,2440.2,2493.25,7336210,0
2022-04-07,2473.65,2484.05,2446.85,2452.45,7502763,0
2022-04-06,2466.0,2511.2,2466.0,2496.5,5934436,0
2022-04-05,2527.05,2544.95,2498.05,2503.15,6366622,0
2022-04-04,2531.15,2549.8,2518.0,2539.05,3838972,0
2022-04-01,2512.65,2540.4,2499.3,2531.55,3835930,0
2022-03-31,2540.25,2544.75,2505.6,2511.45,6402377,0
2022-03-30,2516.35,2562.2,2494.6,2547.85,7655297,0
2022-03-29,2514.55,2514.55,2485.35,2499.8,4204465,0
2022-03-28,2487.85,2506.7,2465.45,2499.25,4789018,0
2022-03-25,2461.65,2493.55,2456.4,2474.35,6885939,0
2022-03-24,2392.55,2463.2,2392.55,2457.95,6375529,0
2022-03-23,2404.9,2444.8,2404.9,2420.35,7486150,0
2022-03-22,2344.95,2416.3,2338.75,2412.7,10921196,0
2022-03-21,2329.6,2367.75,2324.85,2351.95,5809645,0
2022-03-17,2318.9,2380.5,2302.05,2365.55,10371692,0
2022-03-16,2270.5,2295.2,2265.85,2290.85,5398285,0
2022-03-15,2314.3,2314.3,2231.3,2252.85,7710598,0
2022-03-14,2275.2,2310.95,2262.9,2305.65,4038211,0
2022-03-11,2264.85,2298.15,2264.85,2286.85,5934537,0
2022-03-10,2287.7,2292.45,2249.55,2280.3,8705410,0
2022-03-09,2131.35,2256.2,2129.6,2243.95,9883723,0
2022-03-08,2108.0,2140.9,2078.0,2130.9,10307433,0
2022-03-07,2172.05,2203.9,2118.0,2134.75,8706774,0
2022-03-04,2242.9,2253.65,2211.75,2216.7,5231657,0
2022-03-03,2287.7,2301.85,2259.15,2267.0,4932002,0
2022-03-02,2225.2,2288.65,2220.2,2286.3,10395749,0
2022-02-28,2138.05,2256.55,2138.05,2249.1,10311341,0
2022-02-25,2173.4,2199.95,2169.7,2177.05,7054234,0
2022-02-24,2197.15,2230.4,2138.4,2150.2,12029718,0
2022-02-23,2288.75,2293.9,2257.2,2262.95,3539253,0
2022-02-22,2242.8,2283.75,2237.3,2277.2,6533678,0
2022-02-21,2299.1,2323.4,2273.0,2287.6,5377643,0
2022-02-18,2330.0,2341.45,2306.9,2310.95,3280396,0
2022-02-17,2306.85,2340.0,2297.2,2329.15,6223012,0
2022-02-16,2316.3,2319.15,2283.8,2300.0,5031782,0
2022-02-15,2241.15,2310.45,2226.4,2304.8,5428711,0
2022-02-14,2230.75,2244.75,2204.75,2229.1,5190002,0
2022-02-11,2262.2,2272.9,2234.4,2265.2,7719119,0
2022-02-10,2283.6,2283.6,2254.4,2269.6,6034790,0
2022-02-09,2260.2,2275.5,2247.65,2271.95,5561154,0
2022-02-08,2221.6,2249.55,2201.9,2245.8,5839363,0
2022-02-07,2232.4,2246.5,2197.15,2208.65,5187501,0
2022-02-04,2231.45,2238.55,2212.45,2222.2,5355395,0
2022-02-03,2280.05,2289.05,2237.35,2242.65,4634772,0
2022-02-02,2294.35,2294.35,2263.95,2272.0,4850151,0
2022-02-01,2295.3,2307.3,2237.25,2267.4,6391140,0
2022-01-31,2249.75,2293.8,2245.95,2274.9,5879468,0
2022-01-28,2254.3,2264.7,2219.45,2226.55,7101506,0
2022-01-27,2226.65,2245.85,2202.9,2228.7,9693063,0
2022-01-25,2239.6,2276.85,2197.15,2262.2,11866826,0
2022-01-24,2359.15,2387.55,2244.9,2266.6,10588033,0
2022-01-21,2337.25,2385.15,2337.25,2361.9,6457994,0
2022-01-20,2383.05,2392.5,2340.1,2361.5,7985947,0
2022-01-19,2411.6,2423.05,2391.6,2403.6,4723202,0
2022-01-18,2435.2,2442.45,2398.0,2403.8,3009060,0
2022-01-17,2419.2,2444.95,2418.25,2432.8,3890918,0
2022-01-14,2416.35,2447.15,2407.65,2420.15,9649365,0
2022-01-13,2403.25,2422.1,2391.0,2416.65,5740529,0
2022-01-12,2355.65,2406.8,2349.65,2403.1,7165761,0
2022-01-11,2322.0,2359.1,2321.05,2340.65,7845869,0
2022-01-10,2337.25,2342.0,2303.0,2323.9,4476884,0
2022-01-07,2317.2,2343.0,2298.7,2322.0,6348343,0
2022-01-06,2336.5,2339.15,2296.25,2303.4,6994843,0
2022-01-05,2346.8,2361.1,2319.1,2354.0,5637452,0
2022-01-04,2302.85,2345.8,2291.5,2343.05,5252021,0
2022-01-03,2254.3,2295.25,2252.95,2291.35,2624920,0
2021-12-31,2261.95,2272.35,2249.55,2257.3,4588511,0
2021-12-30,2287.7,2292.4,2235.85,2248.7,14201906,0
2021-12-29,2279.1,2305.8,2270.6,2290.05,7468297,0
2021-12-28,2264.4,2292.3,2262.0,2286.15,3086324,0
2021-12-27,2251.05,2266.7,2238.2,2259.3,1944973,0
2021-12-24,2259.1,2280.05,2228.15,2261.75,3818314,0
2021-12-23,2262.9,2268.6,2247.7,2254.55,4392481,0
2021-12-22,2216.1,2260.9,2213.35,2255.35,8549535,0
2021-12-21,2203.2,2236.2,2184.9,2203.1,6214931,0
2021-12-20,2209.35,2209.35,2141.95,2170.75,6935981,0
2021-12-17,2285.8,2295.3,2211.4,2230.9,10191451,0
2021-12-16,2293.1,2302.45,2257.8,2291.4,4726007,0
2021-12-15,2272.45,2292.45,2250.6,2262.15,4535099,0
2021-12-14,2268.6,2293.4,2262.3,2268.75,6289957,0
2021-12-13,2357.75,2358.3,2291.5,2296.9,6246485,0
2021-12-10,2326.05,2350.6,2316.6,2343.85,4049703,0
2021-12-09,2321.05,2359.05,2311.5,2341.5,6397452,0
2021-12-08,2310.65,2318.0,2293.7,2304.95,4233569,0
2021-12-07,2264.95,2291.5,2249.55,2270.4,5439580,0
2021-12-06,2302.95,2311.5,2246.85,2252.05,5002450,0
2021-12-03,2381.45,2381.55,2287.7,2295.55,9306729,0
2021-12-02,2354.1,2379.4,2346.4,2366.65,6158696,0
2021-12-01,2319.15,2358.2,2311.6,2351.55,4892234,0
2021-11-30,2352.5,2360.05,2277.05,2292.85,15576494,0
2021-11-29,2324.95,2383.0,2286.8,2327.25,11777328,0
2021-11-26,2352.3,2361.65,2289.1,2299.7,7631859,0
2021-11-25,2261.95,2384.9,2246.85,2376.3,20529261,0
2021-11-24,2268.6,2297.1,2233.85,2241.35,8143690,0
2021-11-23,2223.85,2288.85,2200.95,2274.2,12262283,0
2021-11-22,2322.1,2334.4,2240.95,2253.15,11679990,0
2021-11-18,2344.85,2372.5,2335.4,2357.55,4118072,0
2021-11-17,2382.0,2382.0,2345.8,2348.7,4939400,0
2021-11-16,2451.7,2454.5,2378.25,2400.05,5489187,0
2021-11-15,2478.3,2480.4,2449.7,2457.15,2325544,0
2021-11-12,2442.95,2477.15,2437.35,2471.75,4218154,0
2021-11-11,2421.2,2450.2,2416.9,2435.0,5191380,0
2021-11-10,2398.9,2438.3,2386.5,2430.55,4964306,0
2021-11-09,2387.75,2410.55,2370.65,2403.7,7592815,0
2021-11-08,2401.5,2402.05,2341.45,2384.85,9846422,0
2021-11-04,2376.3,2387.65,2373.45,2381.9,825808,0
2021-11-03,2388.75,2402.05,2345.8,2367.35,5804785,0
2021-11-02,2425.9,2428.75,2378.45,2383.75,5117135,0
2021-11-01,2417.55,2436.4,2377.4,2419.05,7495314,0
2021-10-29,2474.65,2474.65,2384.6,2417.55,6891041,0
2021-10-28,2497.4,2514.5,2469.25,2477.0,4786479,0
2021-10-27,2527.9,2551.55,2497.35,2504.45,4791377,0
2021-10-26,2494.6,2544.0,2481.3,2536.5,4720633,0
2021-10-25,2554.6,2554.6,2449.7,2480.05,8326761,0
2021-10-22,2497.4,2540.2,2489.3,2504.45,5339046,0
2021-10-21,2599.75,2600.35,2481.35,2499.75,10085831,0
2021-10-20,2614.4,2614.4,2565.55,2574.0,6153931,0
2021-10-19,2596.35,2622.6,2581.25,2604.0,4276771,0
2021-10-18,2543.7,2616.55,2537.7,2580.9,6581883,0
2021-10-14,2573.95,2590.25,2561.45,2574.0,4175127,0
2021-10-13,2553.6,2592.25,2544.4,2568.85,4822104,0
2021-10-12,2521.2,2557.45,2517.65,2542.95,3235153,0
2021-10-11,2574.95,2592.7,2521.55,2528.5,7150376,0
2021-10-08,2464.25,2558.75,2460.7,2546.25,7636387,0
2021-10-07,2473.55,2477.15,2447.55,2452.0,3067951,0
2021-10-06,2497.35,2497.35,2431.7,2440.05,4966925,0
2021-10-05,2435.5,2489.75,2428.15,2487.1,6552425,0
2021-10-04,2433.5,2454.35,2418.3,2436.5,5286310,0
2021-10-01,2384.85,2420.95,2378.25,2405.6,4337542,0
2021-09-30,2406.85,2416.0,2383.35,2401.35,6580032,0
2021-09-29,2449.7,2449.7,2402.1,2409.55,4705961,0
2021-09-28,2415.4,2444.85,2395.2,2428.8,8731925,0
2021-09-27,2370.6,2411.5,2359.45,2406.3,7443373,0
2021-09-24,2386.4,2388.2,2356.3,2366.5,7355416,0
2021-09-23,2332.85,2380.15,2331.05,2373.35,7624722,0
2021-09-22,2295.3,2327.7,2286.0,2316.75,5323765,0
2021-09-21,2292.45,2303.5,2272.45,2292.15,4800789,0
2021-09-20,2261.1,2305.15,2259.1,2282.3,5703301,0
2021-09-17,2331.55,2340.9,2264.4,2278.65,16888483,0
2021-09-16,2270.1,2322.7,2256.2,2314.55,6511391,0
2021-09-15,2257.65,2283.65,2257.65,2267.0,4391839,0
2021-09-14,2263.85,2281.95,2255.25,2257.6,4313057,0
2021-09-13,2319.15,2319.15,2257.2,2260.55,7897188,0
2021-09-09,2314.25,2323.75,2303.05,2312.1,4339634,0
2021-09-08,2337.25,2339.15,2294.0,2317.55,6924267,0
2021-09-07,2316.3,2342.95,2299.1,2326.65,8400094,0
2021-09-06,2300.05,2363.95,2299.1,2312.1,16287922,0
2021-09-03,2201.9,2282.9,2194.75,2276.7,14846446,0
2021-09-02,2149.45,2199.8,2149.45,2187.0,4820656,0
2021-09-01,2166.6,2185.6,2157.1,2161.0,5396182,0
2021-08-31,2170.35,2176.85,2137.3,2152.45,12823164,0
2021-08-30,2144.7,2169.35,2132.1,2164.0,6791322,0
2021-08-27,2132.3,2137.8,2112.35,2123.15,5074290,0
2021-08-26,2104.65,2139.85,2101.8,2126.05,9000322,0
2021-08-25,2083.1,2116.1,2078.05,2099.5,6478312,0
2021-08-24,2063.75,2089.4,2054.7,2081.5,5744286,0
2021-08-23,2072.25,2072.25,2032.5,2061.15,4771090,0
2021-08-20,2042.7,2070.35,2037.0,2047.7,4563815,0
2021-08-18,2072.25,2084.45,2051.85,2070.95,4878314,0
2021-08-17,2067.35,2082.95,2047.35,2062.95,6128561,0
2021-08-16,2048.75,2099.9,2028.55,2071.8,10620233,0
2021-08-13,2018.2,2049.3,2010.25,2045.25,6187983,0
2021-08-12,2025.45,2026.7,2006.5,2011.75,3939895,0
2021-08-11,1998.8,2020.8,1985.9,2018.2,4446978,0
2021-08-10,1984.55,2014.1,1976.7,1990.35,5770782,0
2021-08-09,1983.6,1992.0,1969.8,1979.95,3628354,0
2021-08-06,2030.25,2046.45,1981.45,1991.3,8047193,0
2021-08-05,2015.35,2053.95,2005.75,2034.35,10289376,0
2021-08-04,1996.4,2015.05,1989.35,2005.3,6376272,0
2021-08-03,1992.2,1993.15,1967.6,1990.05,5721447,0
2021-08-02,1958.15,1982.1,1945.6,1975.5,5289483,0
2021-07-30,1961.7,1971.15,1936.05,1940.05,5495494,0
2021-07-29,1957.85,1977.3,1947.75,1957.15,6664800,0
2021-07-28,1961.7,1961.7,1921.9,1942.0,6244604,0
2021-07-27,1979.6,1986.2,1946.45,1958.85,5240786,0
2021-07-26,2009.35,2021.75,1974.15,1979.65,5998564,0
2021-07-23,2034.55,2034.55,2003.65,2007.15,4811098,0
2021-07-22,2019.85,2024.5,1999.95,2021.45,3859904,0
2021-07-20,2001.25,2009.35,1986.45,1995.8,3263938,0
2021-07-19,2001.7,2024.6,1994.35,2000.7,4044878,0
2021-07-16,1990.05,2015.8,1989.9,2013.55,4274241,0
2021-07-15,1996.95,1996.95,1981.25,1984.9,4574503,0
2021-07-14,2002.05,2008.25,1983.85,1988.35,4131105,0
2021-07-13,2001.7,2004.65,1990.35,2001.45,3252158,0
2021-07-12,1982.4,2003.15,1977.4,1986.55,4156643,0
2021-07-09,1990.3,1993.8,1969.4,1974.25,4375668,0
2021-07-08,2017.9,2017.9,1983.6,1994.65,5415536,0
2021-07-07,2028.15,2028.15,1999.8,2011.3,5061825,0
2021-07-06,2044.55,2048.35,2020.95,2025.35,4875537,0
2021-07-05,2036.45,2052.75,2031.75,2049.55,5665763,0
2021-07-02,1998.85,2033.1,1995.0,2029.4,6820158,0
2021-07-01,2018.9,2023.8,1996.95,1999.75,6068641,0
2021-06-30,1998.15,2023.3,1993.2,2011.85,9568357,0
2021-06-29,1991.7,2010.3,1986.55,1990.1,13142031,0
2021-06-28,2022.7,2027.0,1983.6,1988.35,9817304,0
2021-06-25,2052.7,2052.7,1983.7,2005.95,26800608,0
2021-06-24,2103.55,2110.95,2039.85,2052.7,44282098,0
2021-06-23,2144.7,2145.25,2098.65,2102.15,8063153,0
2021-06-22,2148.5,2155.2,2115.5,2121.6,6232047,0
2021-06-21,2100.4,2142.3,2097.2,2132.55,5900173,0
2021-06-18,2121.35,2130.4,2082.1,2121.5,14219266,0
2021-06-17,2097.05,2130.4,2077.9,2111.95,7623549,0
2021-06-16,2139.85,2141.9,2102.6,2108.1,5227629,0
2021-06-15,2155.2,2168.45,2135.45,2144.7,7346726,0
2021-06-14,2111.35,2152.55,2092.3,2139.85,9844123,0
2021-06-11,2080.75,2123.75,2078.05,2109.55,6663367,0
2021-06-10,2090.75,2125.65,2075.65,2080.85,6853581,0
2021-06-09,2115.15,2117.05,2056.95,2073.2,5523843,0
2021-06-08,2122.4,2122.9,2095.3,2110.95,4684106,0
2021-06-07,2098.95,2137.05,2082.75,2123.15,7909492,0
2021-06-04,2111.15,2112.7,2082.05,2088.0,7005119,0
2021-06-03,2117.05,2144.7,2093.3,2106.25,11607342,0
2021-06-02,2056.05,2106.1,2056.05,2098.25,11924904,0
2021-06-01,2064.65,2098.95,2046.05,2067.4,13563137,0
2021-05-31,2003.65,2089.15,1987.45,2059.2,28625459,0
2021-05-28,1896.85,2006.5,1896.85,1996.75,27340400,0
2021-05-27,1878.1,1899.75,1870.4,1883.6,12984791,0
2021-05-26,1882.55,1886.85,1873.3,1877.85,3621605,0
2021-05-25,1902.95,1903.55,1868.25,1871.25,7155913,0
2021-05-24,1914.05,1915.75,1889.25,1892.7,4140408,0
2021-05-21,1898.75,1915.55,1893.05,1908.85,5221943,0
2021-05-20,1904.4,1916.8,1888.3,1892.5,5530317,0
2021-05-19,1887.35,1922.1,1879.7,1903.6,7900016,0
2021-05-18,1888.3,1908.9,1880.2,1894.9,5841334,0
2021-05-17,1846.65,1871.55,1840.05,1868.6,5748453,0
2021-05-14,1837.8,1851.1,1816.8,1846.65,6435250,0
2021-05-12,1839.75,1842.45,1817.75,1823.6,6380223,0
2021-05-11,1825.4,1847.85,1820.6,1842.7,6525617,0
2021-05-10,1848.25,1855.7,1831.05,1836.05,6749770,0
2021-05-07,1847.05,1864.15,1835.85,1841.35,5949606,0
2021-05-06,1831.9,1844.45,1817.35,1840.65,7080657,0
2021-05-05,1833.35,1847.8,1818.75,1830.25,6000472,0
2021-05-04,1858.75,1875.7,1821.55,1826.9,10578782,0
2021-05-03,1874.0,1886.4,1852.15,1867.35,11445598,0
2021-04-30,1914.5,1940.7,1894.55,1901.15,9600269,0
2021-04-29,1928.25,1948.8,1913.35,1929.3,8430462,0
2021-04-28,1904.35,1914.05,1887.5,1903.85,8289974,0
2021-04-27,1849.2,1903.75,1847.55,1895.6,9679552,0
2021-04-26,1830.15,1870.2,1822.05,1847.15,10093146,0
2021-04-23,1816.8,1829.1,1806.65,1815.25,5727043,0
2021-04-22,1803.7,1824.85,1788.85,1817.2,7015919,0
2021-04-20,1821.1,1829.2,1802.0,1812.2,8329303,0
2021-04-19,1814.9,1826.7,1801.55,1812.7,8946673,0
2021-04-16,1845.95,1858.65,1836.3,1841.7,7580445,0
2021-04-15,1836.15,1869.2,1823.45,1853.3,9549406,0
2021-04-13,1833.95,1849.8,1828.1,1841.4,9398094,0
2021-04-12,1867.3,1869.6,1811.3,1821.7,10119632,0
2021-04-09,1904.9,1912.45,1887.35,1889.3,6796563,0
2021-04-08,1916.9,1927.35,1899.75,1911.5,7441124,0
2021-04-07,1906.4,1951.1,1900.0,1909.1,11748762,0
2021-04-06,1910.2,1911.1,1876.85,1891.45,6782671,0
2021-04-05,1930.2,1930.25,1870.25,1899.35,7201907,0
2021-04-01,1923.55,1935.0,1909.4,1927.25,5675942,0
2021-03-31,1923.55,1953.95,1905.45,1909.35,7867962,0
2021-03-30,1914.05,1953.0,1898.35,1934.35,9897033,0
2021-03-26,1917.85,1919.45,1881.35,1901.3,9770418,0
2021-03-25,1957.85,1957.85,1892.1,1898.25,10652286,0
2021-03-24,1982.4,1982.4,1944.9,1951.5,8144909,0
2021-03-23,1965.45,2010.95,1959.8,1989.8,8434606,0
2021-03-22,1974.1,1976.95,1938.05,1965.9,8992025,0
2021-03-19,1897.8,1997.75,1890.0,1984.55,20231742,0
2021-03-18,1975.9,1987.25,1907.35,1915.05,9996654,0
2021-03-17,1999.85,2004.6,1939.85,1959.15,9300800,0
2021-03-16,2015.05,2026.5,1997.45,2002.3,6717120,0
2021-03-15,2039.9,2048.35,1983.15,2010.2,8084666,0
2021-03-12,2092.25,2103.15,2024.5,2037.55,8165311,0
2021-03-10,2103.7,2111.45,2068.7,2079.85,5577196,0
2021-03-09,2097.05,2110.2,2046.15,2088.5,7337173,0
2021-03-08,2067.0,2127.45,2066.55,2088.55,9444404,0
2021-03-05,2055.1,2108.45,2052.3,2076.75,12351692,0
2021-03-04,2078.0,2087.45,2056.7,2074.0,10378304,0
2021-03-03,2021.8,2116.0,2008.6,2099.05,15456501,0
2021-03-02,2022.7,2030.3,1991.35,2007.45,8303687,0
2021-03-01,2011.45,2013.15,1965.95,2003.35,8560293,0
2021-02-26,2017.9,2034.05,1973.8,1988.2,18146851,0
2021-02-25,1978.85,2051.3,1976.0,2044.0,16875682,0
2021-02-24,1935.0,1968.6,1931.35,1964.55,5232623,0
2021-02-23,1952.15,1956.8,1919.35,1928.75,12415815,0
2021-02-22,1982.65,1992.1,1901.6,1914.1,11525073,0
2021-02-19,1960.75,2006.45,1957.2,1982.95,11330997,0
2021-02-18,1987.4,2009.75,1962.75,1970.95,9028045,0
2021-02-17,1963.6,1997.85,1954.65,1985.75,11495374,0
2021-02-16,1944.3,1982.1,1939.75,1963.1,10371480,0
2021-02-15,1952.2,1964.85,1930.25,1937.45,7645396,0
2021-02-12,1959.3,1980.75,1921.1,1946.05,14765398,0
2021-02-11,1887.35,1967.6,1879.95,1959.5,20595756,0
2021-02-10,1862.3,1891.85,1837.1,1881.9,10280699,0
2021-02-09,1870.15,1896.5,1860.95,1864.6,9491513,0
2021-02-08,1842.6,1876.85,1838.75,1860.1,10256125,0
2021-02-05,1839.7,1853.65,1830.15,1833.7,9803265,0
2021-02-04,1833.95,1849.2,1815.85,1834.25,12407523,0
2021-02-03,1838.05,1860.65,1811.1,1840.3,14670826,0
2021-02-02,1824.65,1849.2,1768.15,1835.65,20078072,0
2021-02-01,1772.4,1815.85,1761.5,1806.6,16549001,0
2021-01-29,1805.65,1823.55,1744.35,1755.75,21163725,0
2021-01-28,1792.15,1833.3,1782.5,1788.75,16494224,0
2021-01-27,1834.9,1834.9,1799.65,1806.3,20513862,0
2021-01-25,1939.7,1939.7,1841.6,1850.15,26244834,0
2021-01-22,2012.2,2016.35,1939.9,1953.7,14782649,0
2021-01-21,1984.55,2020.8,1977.9,2001.15,18924665,0
2021-01-20,1926.8,1961.7,1907.75,1958.55,14972379,0
2021-01-19,1901.3,1935.95,1901.3,1922.05,15496277,0
2021-01-18,1857.9,1903.55,1833.35,1891.1,16994187,0
2021-01-15,1868.85,1881.45,1830.2,1846.8,9970407,0
2021-01-14,1853.95,1874.85,1848.3,1868.85,10435187,0
2021-01-13,1871.65,1882.5,1828.65,1848.05,12888039,0
2021-01-12,1813.95,1868.25,1811.0,1865.45,19928715,0
2021-01-11,1848.05,1848.05,1803.95,1808.45,16126269,0
2021-01-08,1828.25,1847.7,1822.6,1843.2,13333817,0
2021-01-07,1830.6,1853.95,1816.0,1821.7,15650870,0
2021-01-06,1873.9,1874.0,1816.0,1824.65,22465668,0
2021-01-05,1876.85,1890.75,1864.45,1874.1,11679401,0
2021-01-04,1901.75,1905.35,1875.9,1897.7,11868437,0
2021-01-01,1894.95,1903.55,1889.25,1894.5,4848933,0
2020-12-31,1900.2,1917.75,1886.0,1892.4,9093074,0
2020-12-30,1901.85,1913.25,1883.1,1902.1,10672612,0
2020-12-29,1915.0,1918.1,1889.75,1896.9,9011130,0
2020-12-28,1912.8,1923.55,1901.9,1909.55,8337936,0
2020-12-24,1855.9,1905.25,1854.85,1900.8,10059357,0
2020-12-23,1839.7,1860.1,1830.75,1852.9,9441775,0
2020-12-22,1857.8,1867.2,1800.05,1846.05,13624222,0
2020-12-21,1915.95,1927.35,1768.4,1848.9,21368600,0
2020-12-18,1887.45,1911.05,1873.05,1898.35,8940639,0
2020-12-17,1891.6,1911.15,1884.6,1892.65,9805352,0
2020-12-16,1894.95,1901.6,1873.7,1884.05,8986473,0
2020-12-15,1896.6,1896.6,1869.3,1881.95,8981754,0
2020-12-14,1914.0,1920.7,1893.4,1898.1,8382115,0
2020-12-11,1918.8,1942.6,1881.85,1911.95,13045266,0
2020-12-10,1927.0,1933.55,1907.35,1913.05,7778253,0
2020-12-09,1915.9,1938.6,1905.7,1932.1,14125449,0
2020-12-08,1869.35,1920.0,1858.75,1900.45,21013964,0
2020-12-07,1849.8,1873.05,1849.8,1866.55,8832112,0
2020-12-04,1876.85,1876.85,1849.2,1855.65,8939771,0
2020-12-03,1879.7,1888.4,1867.0,1872.15,13452526,0
2020-12-02,1866.85,1870.2,1844.45,1866.5,10742940,0
2020-12-01,1849.55,1874.25,1839.7,1863.4,9562464,0
2020-11-27,1849.7,1864.55,1831.5,1839.5,22918523,0
2020-11-26,1861.65,1873.05,1839.7,1861.2,12509997,0
2020-11-25,1887.35,1899.7,1851.3,1856.65,15801909,0
2020-11-24,1872.1,1881.6,1841.6,1872.15,14978059,0
2020-11-23,1859.7,1877.8,1836.1,1859.4,21945730,0
2020-11-20,1882.55,1890.95,1806.3,1810.6,27825197,0
2020-11-19,1894.2,1916.35,1876.1,1880.8,13457838,0
2020-11-18,1899.95,1912.6,1868.35,1894.2,14719529,0
2020-11-17,1987.4,1987.4,1892.1,1899.95,22533980,0
2020-11-14,1920.6,1921.0,1901.95,1908.6,2530319,0
2020-11-13,1889.25,1941.35,1889.0,1902.95,21975313,0
2020-11-12,1888.3,1914.45,1873.05,1887.35,19388869,0
2020-11-11,1991.25,1996.95,1885.5,1903.75,27463788,0
2020-11-10,1979.8,1992.2,1945.65,1987.0,17882030,0
2020-11-09,1965.6,1972.15,1940.7,1954.7,17351522,0
2020-11-06,1896.85,1944.55,1885.55,1934.2,32280829,0
2020-11-05,1863.45,1869.2,1841.6,1863.5,18013300,0
2020-11-04,1751.05,1838.7,1751.05,1823.65,38819890,0
2020-11-03,1801.55,1819.65,1749.2,1763.8,42940809,0
2020-11-02,1932.15,1932.15,1772.15,1789.6,48109333,0
2020-10-30,1938.35,1968.45,1927.2,1958.35,16472017,0
2020-10-29,1903.55,1946.45,1897.8,1932.05,14842304,0
2020-10-28,1946.25,1961.4,1913.45,1917.3,14488100,0
2020-10-27,1939.65,1963.45,1911.15,1939.3,17661576,0
2020-10-26,2003.55,2003.55,1924.05,1934.15,18071070,0
2020-10-23,2007.45,2035.1,1998.3,2014.15,11340102,0
2020-10-22,2027.85,2032.7,1993.15,2008.35,14913196,0
2020-10-21,2066.55,2089.4,1999.55,2025.15,16502300,0
2020-10-20,2077.0,2090.35,2051.5,2055.0,8948408,0
2020-10-19,2087.55,2124.4,2054.3,2074.35,15106027,0
2020-10-16,2111.35,2128.0,2070.95,2073.95,10450149,0
2020-10-15,2182.85,2182.85,2092.25,2103.25,9700897,0
2020-10-14,2172.25,2196.15,2162.35,2180.45,12947429,0
2020-10-13,2126.2,2178.8,2121.7,2173.95,11189973,0
2020-10-12,2130.4,2150.2,2122.05,2132.35,6887879,0
2020-10-09,2130.4,2147.55,2113.35,2128.9,8978964,0
2020-10-08,2153.3,2161.85,2118.1,2134.45,10205109,0
2020-10-07,2130.4,2200.95,2116.1,2151.85,25743417,0
2020-10-06,2121.1,2129.35,2098.6,2106.9,8914555,0
2020-10-05,2139.0,2143.9,2102.75,2108.65,9161657,0
2020-10-01,2157.85,2157.85,2110.4,2121.1,10062389,0
2020-09-30,2154.25,2160.9,2120.85,2129.8,11845659,0
2020-09-29,2120.85,2158.05,2112.55,2140.0,12513073,0
2020-09-28,2122.8,2133.25,2103.75,2112.55,9522439,0
2020-09-25,2086.55,2109.25,2065.85,2098.65,13738935,0
2020-09-24,2104.55,2121.8,2074.2,2079.1,14441171,0
2020-09-23,2154.25,2170.2,2102.1,2126.4,20813904,0
2020-09-22,2170.45,2170.45,2098.5,2107.65,16844969,0
2020-09-21,2192.35,2226.65,2142.15,2150.3,16281406,0
2020-09-18,2205.95,2210.9,2170.0,2197.8,16013538,0
2020-09-17,2211.4,2224.45,2184.6,2191.15,12505239,0
2020-09-16,2211.4,2258.45,2202.4,2215.75,16438456,0
2020-09-15,2203.75,2216.9,2181.05,2210.35,13159005,0
2020-09-14,2216.2,2249.55,2175.2,2194.8,21333911,0
2020-09-11,2203.8,2228.45,2180.05,2211.2,28793421,0
2020-09-10,2080.95,2235.2,2073.55,2205.7,67930948,0
2020-09-09,1987.4,2066.35,1984.05,2060.2,26779333,0
2020-09-08,1994.1,2021.75,1983.15,2008.5,13264545,0
2020-09-07,1986.45,2007.2,1948.6,1985.2,10615927,0
2020-09-04,1986.05,1998.8,1975.2,1980.05,13786936,0
2020-09-03,2028.4,2038.65,2004.6,2013.25,8998891,0
2020-09-02,1994.1,2037.95,1987.4,2028.6,13047851,0
2020-09-01,2001.7,2023.05,1965.9,1989.55,18696487,0
2020-08-31,2072.25,2072.25,1963.95,1983.3,30055757,0
2020-08-28,2020.8,2033.1,2007.7,2017.1,13153259,0
2020-08-27,2047.45,2049.4,2004.8,2011.8,13598554,0
2020-08-26,1987.4,2047.4,1951.2,2037.25,28987656,0
2020-08-25,2007.45,2012.5,1980.75,1984.65,9387024,0
2020-08-24,1993.5,2006.0,1973.6,1997.65,15840362,0
2020-08-21,2018.9,2022.7,1979.8,1984.4,12240121,0
2020-08-20,2020.8,2024.5,1990.3,1998.9,10913024,0
2020-08-19,2040.8,2053.2,2022.05,2031.8,16503790,0
2020-08-18,1987.4,2034.4,1984.9,2019.4,14790112,0
2020-08-17,2006.5,2006.5,1973.2,1993.45,14999189,0
2020-08-14,2023.2,2056.05,1991.45,2014.85,16086616,0
2020-08-13,2028.4,2038.8,2011.25,2022.75,12021877,0
2020-08-12,2021.75,2044.6,2008.2,2028.05,14653307,0
2020-08-11,2034.9,2058.9,2002.05,2033.95,22672434,0
2020-08-10,2058.05,2063.7,2009.45,2020.65,13052813,0
2020-08-07,2030.1,2056.8,2020.95,2046.0,15969773,0
2020-08-06,2056.05,2066.25,2009.15,2034.2,23880330,0
2020-08-05,2067.5,2093.25,2019.15,2026.9,36095146,0
2020-08-04,1926.05,2065.6,1906.65,2049.95,44562772,0
2020-08-03,1955.3,1960.75,1909.35,1915.0,22618697,0
2020-07-31,2015.55,2029.35,1956.75,1970.35,36291841,0
2020-07-30,2000.75,2039.55,1975.05,2010.15,35275412,0
2020-07-29,2075.95,2080.65,1973.55,1998.55,35182929,0
2020-07-28,2055.3,2091.3,2050.0,2075.75,26684456,0
2020-07-27,2076.85,2095.9,2028.3,2055.3,38880567,0
2020-07-24,1961.7,2061.75,1961.5,2045.7,58389430,0
2020-07-23,1910.15,1982.35,1898.15,1961.5,28242828,0
2020-07-22,1890.2,1915.95,1868.95,1910.2,28939126,0
2020-07-21,1848.25,1884.5,1845.85,1879.3,20419117,0
2020-07-20,1828.05,1841.6,1810.75,1830.05,17716907,0
2020-07-17,1758.65,1830.15,1752.0,1822.25,24076311,0
2020-07-16,1760.55,1781.55,1727.65,1757.15,29515316,0
2020-07-15,1847.25,1886.2,1713.85,1757.7,67623386,0
2020-07-14,1843.5,1850.85,1798.95,1827.3,32599242,0
2020-07-13,1814.25,1856.55,1811.1,1844.45,33701641,0
2020-07-10,1742.95,1796.4,1738.85,1790.15,21187048,0
2020-07-09,1724.35,1749.1,1702.65,1738.85,17632613,0
2020-07-08,1738.7,1749.05,1706.25,1713.85,12687291,0
2020-07-07,1772.95,1777.1,1721.75,1738.1,17037459,0
2020-07-06,1720.55,1771.05,1708.25,1765.15,22763485,0
2020-07-03,1696.5,1709.1,1685.25,1704.25,14250951,0
2020-07-02,1661.45,1684.9,1653.85,1677.95,13939113,0
2020-07-01,1639.5,1667.15,1628.1,1656.3,13781692,0
